Customer_ID,Name,Age,SSN,Occupation,snapshot_date
CUS_0x1000,Alistair Barrf,18.0,913-74-1218,Lawyer,2023-05-01
CUS_0x1009,Arunah,26.0,063-67-6938,Mechanic,2025-01-01
CUS_0x100b,Shirboni,19.0,,Media_Manager,2024-03-01
CUS_0x1011,Schneyerh,44.0,793-05-8223,Doctor,2023-11-01
CUS_0x1013,Cameront,44.0,930-49-9615,Mechanic,2023-12-01
CUS_0x1015,Holtono,27.0,810-97-7024,Journalist,2023-08-01
CUS_0x1018,Felsenthalq,15.0,731-19-8119,Accountant,2023-11-01
CUS_0x1026,Josephv,52.0,500-62-9044,Manager,2023-10-01
CUS_0x102d,Neil Chatterjeex,31.0,692-71-7552,Entrepreneur,2024-01-01
CUS_0x102e,Rhysn,26.0,,Scientist,2024-04-01
CUS_0x1032,Wahbap,40.0,620-58-8045,Lawyer,2023-08-01
CUS_0x1037,Matthewm,45.0,230-22-9583,Accountant,2023-01-01
CUS_0x1038,B.h,28.0,355-00-7832,Architect,2024-10-01
CUS_0x103e,Tim Kellyf,40.0,155-72-8070,Scientist,2024-12-01
CUS_0x1041,Jonathan Stempela,15.0,675-80-2033,Teacher,2023-11-01
CUS_0x1044,Maki Shirakip,44.0,,,2023-06-01
CUS_0x1048,Janet McGurtyg,27.0,808-81-2470,Accountant,2024-02-01
CUS_0x104a,Leahk,37.0,,Mechanic,2023-12-01
CUS_0x104e,Kentaros,50.0,837-93-5062,Teacher,2023-06-01
CUS_0x104f,Markm,20.0,264-84-8069,,2024-10-01
CUS_0x1051,Lucia Mutikanin,42.0,232-33-7638,Engineer,2024-01-01
CUS_0x1056,Hornbyb,44.0,081-93-4350,Entrepreneur,2023-04-01
CUS_0x1057,David Sheppardv,46.0,741-07-3912,Writer,2023-09-01
CUS_0x105b,Patricia Zengerlel,24.0,,Accountant,2023-11-01
CUS_0x105c,Lopezz,,998-18-7252,Journalist,2023-06-01
CUS_0x1063,Sylvia Westallq,20.0,883-38-8680,Architect,2023-12-01
CUS_0x1069,Andreas Cremero,32.0,761-27-5143,Accountant,2023-01-01
CUS_0x106f,Alwyn Scottk,55.0,517-96-1022,Developer,2023-08-01
CUS_0x1075,Dorfmanv,39.0,225-94-8383,Manager,2024-05-01
CUS_0x107c,Karenh,15.0,712-17-7369,Journalist,2023-11-01
CUS_0x107e,Lianaj,15.0,463-69-6790,Architect,2024-11-01
CUS_0x1087,Alistairy,51.0,620-14-7570,Doctor,2024-09-01
CUS_0x108a,Silvial,38.0,394-00-8142,Journalist,2023-05-01
CUS_0x1096,Edward Krudyk,43.0,228-65-4194,Lawyer,2024-03-01
CUS_0x1098,Krudyz,23.0,466-10-5742,,2025-01-01
CUS_0x109b,Gillesy,55.0,661-04-3699,Manager,2023-10-01
CUS_0x109d,Langep,45.0,260-21-1290,Writer,2024-04-01
CUS_0x109f,Vellacottj,41.0,283-32-0255,Teacher,2025-01-01
CUS_0x10a9,ini Kristenr,41.0,514-08-4156,Journalist,2024-10-01
CUS_0x10aa,Carey Gillama,20.0,101-00-4424,Musician,2023-02-01
CUS_0x10ac,Zhouy,29.0,780-50-4730,Developer,2024-08-01
CUS_0x10b3,Johnsona,48.0,293-45-3004,Mechanic,2024-11-01
CUS_0x10b6,Gillesw,49.0,439-76-5364,Journalist,2025-01-01
CUS_0x10bb,Chyenf,35.0,075-30-4340,Journalist,2023-03-01
CUS_0x10c0,Scheyderx,39.0,658-53-1756,Architect,2024-02-01
CUS_0x10c5,Moony,24.0,041-74-6785,,2024-08-01
CUS_0x10d7,Sinead Carewm,39.0,289-56-9714,Developer,2023-12-01
CUS_0x10dd,Praveen Menonq,25.0,907-60-4113,Teacher,2024-06-01
CUS_0x10df,Paritosh Bansalo,27.0,279-20-3097,Musician,2024-11-01
CUS_0x10e2,Sonalio,37.0,168-78-3262,Media_Manager,2025-01-01
CUS_0x10e7,Carewj,,094-89-6380,,2024-11-01
CUS_0x10eb,Yaob,51.0,,Journalist,2023-03-01
CUS_0x10ee,Hudsonb,30.0,699-80-2426,Journalist,2023-06-01
CUS_0x10f9,Gilles Guillaumev,54.0,746-79-6875,,2023-05-01
CUS_0x10fd,Hendersonu,29.0,119-33-7350,Developer,2023-12-01
CUS_0x10ff,Murait,36.0,149-03-5931,Accountant,2023-10-01
CUS_0x1100,Kaorif,22.0,545-19-6617,Accountant,2023-10-01
CUS_0x1107,Felsenthalv,31.0,118-70-6277,Writer,2023-11-01
CUS_0x1108,en Klaymano,25.0,183-66-5001,Accountant,2024-07-01
CUS_0x1109,Karen Freifeldf,43.0,410-39-6091,Lawyer,2024-06-01
CUS_0x1119,Carlozoy,36.0,596-61-5235,Entrepreneur,2023-05-01
CUS_0x111b,Poornima Guptab,40.0,880-90-6663,Manager,2024-10-01
CUS_0x111c,Deepaa,24.0,420-66-8144,Journalist,2024-03-01
CUS_0x1123,Suzannep,15.0,917-49-8240,Writer,2024-10-01
CUS_0x112d,James Daveyt,22.0,774-29-5843,Accountant,2024-03-01
CUS_0x112e,Sanog,32.0,981-03-7949,Mechanic,2024-04-01
CUS_0x112f,Ju-minv,21.0,294-20-6562,Mechanic,2023-10-01
CUS_0x1130,Elizabethr,37.0,846-60-3664,,2023-07-01
CUS_0x1132,Jonathano,39.0,152-95-7926,Mechanic,2023-03-01
CUS_0x1134,Stt,49.0,,Doctor,2023-10-01
CUS_0x1135,Baertleinc,22.0,897-95-1425,Journalist,2023-03-01
CUS_0x1136,Stevenk,22.0,894-06-9872,Entrepreneur,2023-06-01
CUS_0x1138,Prodhanx,44.0,832-92-6672,Lawyer,2024-09-01
CUS_0x1139,Copleyp,32.0,952-67-5462,Scientist,2023-12-01
CUS_0x113e,Ransdell Piersono,45.0,542-14-0249,Manager,2023-02-01
CUS_0x1140,Jennifer Sabal,31.0,141-17-2233,Accountant,2023-02-01
CUS_0x1144,Douwet,42.0,720-70-0565,Doctor,2024-11-01
CUS_0x1145,Blenkinsopr,24.0,426-31-9194,Teacher,2024-08-01
CUS_0x114a,Valetkevitchu,43.0,133-89-5234,Developer,2023-01-01
CUS_0x114b,Hephero,37.0,978-19-7269,Entrepreneur,2025-01-01
CUS_0x1151,Hopkinsv,41.0,587-07-3210,Journalist,2024-10-01
CUS_0x1152,Gellerv,29.0,330-02-2598,Accountant,2024-11-01
CUS_0x1154,Jessica Wohlp,41.0,848-35-0776,Developer,2023-06-01
CUS_0x1155,Wohld,41.0,189-76-0870,Developer,2023-02-01
CUS_0x1156,Angela Moonq,25.0,877-50-9125,Entrepreneur,2023-06-01
CUS_0x115c,Ryan Vlastelicar,20.0,956-28-3067,Engineer,2024-02-01
CUS_0x1168,Philipm,42.0,773-33-0379,Writer,2023-10-01
CUS_0x1169,Janeman Latulb,34.0,352-87-0792,Lawyer,2023-09-01
CUS_0x117d,Evat,24.0,812-62-8349,Media_Manager,2023-09-01
CUS_0x117f,Kevinj,51.0,082-69-3410,Scientist,2023-11-01
CUS_0x1182,Conor Humphriesk,24.0,117-62-4809,Musician,2023-09-01
CUS_0x1183,Barlyna,22.0,972-42-3182,,2024-04-01
CUS_0x1184,Cohenq,49.0,963-76-2464,Lawyer,2023-01-01
CUS_0x1185,Groverj,25.0,238-50-2115,Accountant,2024-05-01
CUS_0x1190,Toonkelc,45.0,,Media_Manager,2024-05-01
CUS_0x1192,Paul Carrell,,880-23-2963,Media_Manager,2023-05-01
CUS_0x1193,Peter Lauriap,46.0,239-12-4495,Developer,2024-10-01
CUS_0x1195,Alexk,31.0,822-48-3629,Manager,2024-12-01
CUS_0x1197,Nayako,28.0,799-23-8283,,2024-12-01
CUS_0x119e,Rodrigol,38.0,498-27-0676,Mechanic,2023-06-01
CUS_0x11a4,Caroline Humerc,44.0,000-40-3312,Manager,2023-11-01
CUS_0x11ac,Liana B.v,26.0,835-92-7751,Journalist,2024-08-01
CUS_0x11ae,Xiaoyi Shaou,22.0,032-97-5902,Architect,2024-11-01
CUS_0x11b1,Browne,28.0,347-47-6952,,2023-05-01
CUS_0x11b7,Cremern,28.0,440-53-1294,Teacher,2025-01-01
CUS_0x11c0,Bryana,19.0,534-48-4062,Media_Manager,2023-08-01
CUS_0x11c1,Mark Felsenthalk,34.0,688-99-5258,Engineer,2025-01-01
CUS_0x11c6,Andreaj,49.0,170-12-4663,Manager,2023-09-01
CUS_0x11c7,raden Reddallh,53.0,646-19-1493,Architect,2023-03-01
CUS_0x11d1,Jennifer Ablans,25.0,,Mechanic,2023-07-01
CUS_0x11d9,Annika Breidthardtd,42.0,548-26-8600,Scientist,2025-01-01
CUS_0x11e2,Valetkevitchr,34.0,809-04-1419,Musician,2024-12-01
CUS_0x11eb,Millikenw,,032-85-4630,,2023-07-01
CUS_0x11ec,William Schombergh,34.0,417-74-2163,Journalist,2024-12-01
CUS_0x11fc,Dmitracovaa,30.0,092-20-3138,Lawyer,2023-04-01
CUS_0x1204,Lashg,46.0,741-78-3585,Writer,2024-03-01
CUS_0x1207,Wheatleym,34.0,365-76-1037,Developer,2023-12-01
CUS_0x120c,James Regann,15.0,212-98-0232,Scientist,2023-07-01
CUS_0x120d,Martinx,27.0,477-68-6707,Lawyer,2025-01-01
CUS_0x1216,Robin Emmotti,19.0,256-37-5248,Engineer,2023-04-01
CUS_0x121b,Cheeu,42.0,162-52-8159,Architect,2024-09-01
CUS_0x1220,Berkowitze,31.0,,Architect,2024-04-01
CUS_0x1226,Hildebry,52.0,027-55-0167,,2024-04-01
CUS_0x122c,Papadimasf,48.0,883-73-9594,Entrepreneur,2024-08-01
CUS_0x122f,Donovang,,179-85-5358,Media_Manager,2024-05-01
CUS_0x1231,James Reganc,39.0,780-20-7811,Journalist,2024-11-01
CUS_0x1232,Lawderr,17.0,441-26-1297,Developer,2024-09-01
CUS_0x1233,Tetsushi Kajimotox,51.0,816-01-8282,Entrepreneur,2024-05-01
CUS_0x1234,Carrickn,24.0,101-01-2307,Musician,2024-12-01
CUS_0x1236,Felsenthalq,25.0,144-88-9752,Scientist,2024-05-01
CUS_0x123a,Michelle Martinh,14.0,669-29-3700,Media_Manager,2023-03-01
CUS_0x123d,James Reganl,31.0,736-67-4134,Architect,2023-11-01
CUS_0x1246,Vaughanl,33.0,609-30-7406,Entrepreneur,2023-09-01
CUS_0x1249,Soyoung Kimm,32.0,851-75-4209,Teacher,2024-05-01
CUS_0x124a,B.d,28.0,591-07-8373,Developer,2023-07-01
CUS_0x1250,Denny Thomasx,28.0,,Developer,2023-12-01
CUS_0x1252,Irene Preisingera,28.0,938-09-5300,Entrepreneur,2023-02-01
CUS_0x1255,Matt Scuffhamx,47.0,,Scientist,2023-08-01
CUS_0x1258,Flynng,50.0,673-09-0668,Entrepreneur,2025-01-01
CUS_0x125c,Luciae,35.0,298-95-1359,Manager,2024-05-01
CUS_0x1269,Chadbournk,22.0,755-70-8952,Manager,2024-01-01
CUS_0x126d,Brownj,36.0,047-21-1235,Architect,2024-11-01
CUS_0x1271,Carrick Mollenkampq,46.0,842-43-2499,Architect,2023-03-01
CUS_0x1274,Whited,,298-61-0480,Scientist,2024-08-01
CUS_0x1277,Baileyt,23.0,682-00-8701,Engineer,2024-10-01
CUS_0x1278,Rothackern,20.0,144-54-2861,Teacher,2024-10-01
CUS_0x127d,McCoolg,43.0,829-08-2773,Doctor,2024-11-01
CUS_0x1281,ernardop,18.0,728-18-4971,Writer,2023-11-01
CUS_0x1285,Lauriay,43.0,540-18-1115,Architect,2023-04-01
CUS_0x1286,David Alexo,,456-37-9366,Entrepreneur,2024-06-01
CUS_0x1288,Taylorq,34.0,609-85-2725,Doctor,2024-08-01
CUS_0x128e,Leikam,19.0,827-28-8015,Mechanic,2023-06-01
CUS_0x128f,David Gaffenk,32.0,015-60-0619,Teacher,2024-05-01
CUS_0x1290,Pattanaikb,31.0,922-15-4739,Architect,2024-01-01
CUS_0x1297,Edwardsz,46.0,,Manager,2023-01-01
CUS_0x1298,Melg,49.0,779-78-0153,Lawyer,2024-11-01
CUS_0x129b,N.w,24.0,,Entrepreneur,2023-02-01
CUS_0x12a4,Thomas Ferraroz,24.0,694-31-4893,Mechanic,2024-11-01
CUS_0x12a6,Natem,25.0,191-09-1571,Manager,2023-02-01
CUS_0x12a7,Luciat,37.0,145-72-2113,Media_Manager,2023-05-01
CUS_0x12a8,Baertleine,44.0,036-08-3232,Doctor,2024-06-01
CUS_0x12a9,Driverb,44.0,583-20-9758,Media_Manager,2023-05-01
CUS_0x12af,Marius Zahariao,37.0,430-21-6270,Manager,2024-03-01
CUS_0x12b6,Slatere,18.0,652-60-9119,Writer,2024-02-01
CUS_0x12b8,Cheef,29.0,706-59-9144,Doctor,2024-02-01
CUS_0x12be,Matt Scuffhamv,34.0,157-93-9714,Engineer,2023-04-01
CUS_0x12bf,Tarar,51.0,235-33-4203,Entrepreneur,2023-09-01
CUS_0x12c1,Michelek,48.0,902-44-7100,Manager,2023-04-01
CUS_0x12cb,Sakarif,39.0,075-60-6485,Writer,2024-03-01
CUS_0x12cc,Lauren Tarat,30.0,761-36-5969,Developer,2024-08-01
CUS_0x12ce,John McCrankz,42.0,460-15-2731,Accountant,2023-07-01
CUS_0x12d1,Hirschlers,41.0,618-45-3370,Accountant,2024-01-01
CUS_0x12d5,ita Bosed,28.0,518-01-2262,Scientist,2024-01-01
CUS_0x12dd,Liana B.v,36.0,954-59-1206,Developer,2023-03-01
CUS_0x12e7,Le,43.0,603-76-3049,Architect,2023-10-01
CUS_0x12ea,Aubine,15.0,511-49-3728,Doctor,2023-08-01
CUS_0x12ec,Guptax,42.0,836-23-7353,Scientist,2023-09-01
CUS_0x12ef,Christiaans,43.0,912-09-9755,Mechanic,2024-02-01
CUS_0x12f2,Luke Bakeri,25.0,006-09-7131,Writer,2023-12-01
CUS_0x12fa,Kathrinw,46.0,966-60-1936,Manager,2023-11-01
CUS_0x12fb,Jeb Blountz,35.0,006-29-8039,Doctor,2023-01-01
CUS_0x12fc,illo,18.0,439-29-4580,Manager,2024-03-01
CUS_0x1309,Mirnaw,51.0,691-12-6696,Writer,2024-06-01
CUS_0x130b,Nicolacib,31.0,049-83-9018,Writer,2023-04-01
CUS_0x130c,Douwe Miedemaq,43.0,187-00-5211,Engineer,2025-01-01
CUS_0x1319,Casey Sullivany,47.0,,Media_Manager,2023-06-01
CUS_0x131f,Silke Koltrowitzl,46.0,006-11-7238,Developer,2024-05-01
CUS_0x1324,Jennifer Sabaf,20.0,477-00-3913,Mechanic,2023-03-01
CUS_0x1325,Philipz,27.0,918-42-0845,Accountant,2023-01-01
CUS_0x1326,Camposs,19.0,994-98-1405,Mechanic,2023-08-01
CUS_0x1329,Richarda,50.0,525-33-6734,Entrepreneur,2023-06-01
CUS_0x132f,Mark Felsenthald,41.0,561-60-9294,Musician,2024-10-01
CUS_0x1330,Soyoung Kimc,33.0,,Media_Manager,2023-09-01
CUS_0x1338,Olivia Orang,40.0,250-62-9181,,2024-08-01
CUS_0x133b,Bernard Vaughanz,33.0,072-54-2150,Lawyer,2024-05-01
CUS_0x133d,Taigai,21.0,,Musician,2025-01-01
CUS_0x133e,Carews,41.0,914-49-0079,Entrepreneur,2024-01-01
CUS_0x133f,ernie Woodallm,30.0,630-81-5640,Manager,2025-01-01
CUS_0x1340,Matthewo,42.0,868-01-7823,Architect,2023-05-01
CUS_0x1341,Zhuk,47.0,155-02-9593,Mechanic,2023-01-01
CUS_0x1343,Aubinm,21.0,443-92-7114,Teacher,2024-04-01
CUS_0x1348,Sudip Kar-Guptaq,43.0,,Lawyer,2023-12-01
CUS_0x134d,Woldep,43.0,640-44-8899,Media_Manager,2024-02-01
CUS_0x1354,N.p,24.0,432-99-3925,Entrepreneur,2024-12-01
CUS_0x1355,Clement Tana,30.0,858-73-0131,Entrepreneur,2023-12-01
CUS_0x1358,Narayanan Somasundaramg,18.0,967-90-7262,Teacher,2023-11-01
CUS_0x135c,Brownc,41.0,594-39-3524,,2023-02-01
CUS_0x1367,Caroline Valetkevitchi,45.0,434-08-1310,Engineer,2023-11-01
CUS_0x136b,Luciana Otonit,45.0,444-16-2415,Writer,2023-03-01
CUS_0x136c,Mutikanik,56.0,158-74-4274,Lawyer,2023-08-01
CUS_0x1370,Rothackerb,32.0,710-06-0138,Writer,2024-08-01
CUS_0x1375,Stanley Whitev,15.0,841-27-0645,Lawyer,2023-01-01
CUS_0x1378,Alan Wheatleyx,15.0,674-69-0430,Mechanic,2024-08-01
CUS_0x137d,Frencho,33.0,193-22-4579,Media_Manager,2024-12-01
CUS_0x1382,Olesya Dmitracovaq,45.0,,Entrepreneur,2024-05-01
CUS_0x1383,Niklasb,19.0,000-58-0568,Developer,2024-01-01
CUS_0x138b,ernie Woodallh,42.0,307-80-8496,Engineer,2023-12-01
CUS_0x138d,"""ODonnell""""d""",39.0,568-44-1961,Mechanic,2024-11-01
CUS_0x138e,Herbertu,52.0,388-88-9221,Lawyer,2023-10-01
CUS_0x138f,McCranko,30.0,569-14-9292,Entrepreneur,2023-08-01
CUS_0x139b,Chen Aizhuk,46.0,346-99-5140,Scientist,2024-08-01
CUS_0x13a8,Baileyz,41.0,918-56-2439,Journalist,2023-01-01
CUS_0x13a9,Saprud,46.0,920-85-0637,Manager,2024-08-01
CUS_0x13b0,Doug Palmerl,33.0,724-94-0404,Entrepreneur,2023-07-01
CUS_0x13b2,Horowitze,27.0,404-97-1261,Musician,2023-11-01
CUS_0x13b5,Tim Reids,54.0,023-34-9301,Lawyer,2024-07-01
CUS_0x13b8,ill Rigbyb,29.0,094-65-0795,Scientist,2024-07-01
CUS_0x13bc,Rie Ishiguroi,23.0,934-82-6083,Engineer,2023-11-01
CUS_0x13c2,Menonv,40.0,090-98-4724,Teacher,2024-02-01
CUS_0x13c7,Asmab,34.0,305-39-6641,Teacher,2024-04-01
CUS_0x13ce,rax,52.0,396-50-4794,Manager,2024-08-01
CUS_0x13d1,Lt,22.0,689-84-3896,Musician,2023-05-01
CUS_0x13d5,Camposq,50.0,604-47-5660,Musician,2024-04-01
CUS_0x13d6,Michaelk,44.0,502-34-9558,Engineer,2023-07-01
CUS_0x13db,Natalieq,24.0,223-95-2140,Engineer,2023-12-01
CUS_0x13de,Scottx,35.0,298-78-5836,Lawyer,2023-07-01
CUS_0x13df,Clareh,38.0,082-87-9651,Engineer,2023-03-01
CUS_0x13e3,Sakthi Prasadb,55.0,437-66-3296,Musician,2023-12-01
CUS_0x13e4,Edward Krudyl,,652-14-9122,Doctor,2025-01-01
CUS_0x13e7,Danielm,36.0,548-61-8467,Scientist,2023-08-01
CUS_0x13eb,Ryanh,30.0,110-23-1785,Journalist,2023-05-01
CUS_0x13ec,Gabriel Wildauu,55.0,840-30-6552,Engineer,2023-07-01
CUS_0x13ee,Claraj,31.0,497-59-7351,Doctor,2023-03-01
CUS_0x13ef,Lukey,52.0,767-08-2746,Media_Manager,2023-01-01
CUS_0x13f6,Levinea,46.0,178-96-0125,Entrepreneur,2023-07-01
CUS_0x13f8,Pedrob,19.0,124-54-4852,Mechanic,2024-06-01
CUS_0x13fa,Olivia Oranh,22.0,158-05-0970,Manager,2024-10-01
CUS_0x13fb,Umeshc,22.0,995-80-1416,Doctor,2024-11-01
CUS_0x140e,Myles Neliganp,41.0,622-11-3102,Engineer,2024-09-01
CUS_0x1410,Kiharaj,43.0,087-58-6247,Teacher,2024-10-01
CUS_0x1414,Chatterjeeo,46.0,960-30-9698,Journalist,2024-02-01
CUS_0x1416,Valentinaz,20.0,036-32-2011,Accountant,2023-11-01
CUS_0x141c,Singh Rossy,43.0,862-01-8685,Manager,2023-09-01
CUS_0x141d,Joew,26.0,989-82-3003,Journalist,2023-04-01
CUS_0x1422,Eva Kuehnent,16.0,,Developer,2024-04-01
CUS_0x1425,Eric Onstadq,34.0,502-31-6140,Teacher,2024-09-01
CUS_0x142f,Langey,54.0,158-89-2902,Mechanic,2023-06-01
CUS_0x1430,Chiango,30.0,945-49-4517,Doctor,2023-09-01
CUS_0x1431,Lefteris Papadimasq,32.0,752-76-8063,Mechanic,2023-04-01
CUS_0x1436,Jonesn,23.0,988-70-0775,Developer,2024-10-01
CUS_0x1437,Emilyb,46.0,865-46-7860,Scientist,2024-12-01
CUS_0x1439,Andreah,23.0,861-71-4122,,2023-12-01
CUS_0x143a,Lynch Jonathans,32.0,782-10-3214,Teacher,2023-08-01
CUS_0x143c,Kumar Singhj,35.0,422-18-4190,Accountant,2024-01-01
CUS_0x143d,Joneso,27.0,797-30-1627,Scientist,2024-12-01
CUS_0x1440,Jinq,19.0,807-69-2993,Teacher,2023-01-01
CUS_0x1441,Clarky,22.0,150-43-9697,Journalist,2023-12-01
CUS_0x1443,Saeed Azharq,31.0,557-52-9177,Lawyer,2023-01-01
CUS_0x1447,Fool,22.0,836-93-7211,Doctor,2024-10-01
CUS_0x144c,Karen Freifelde,53.0,317-80-3283,Mechanic,2024-03-01
CUS_0x144d,Dokoupill,23.0,269-66-4319,Mechanic,2024-12-01
CUS_0x144f,Katyad,17.0,035-27-0594,Engineer,2024-07-01
CUS_0x1452,Sarah Whited,41.0,976-05-6851,Architect,2023-02-01
CUS_0x1453,Ailx,48.0,580-73-5233,Scientist,2023-08-01
CUS_0x1458,Harro Tenk,,222-55-6808,Developer,2024-12-01
CUS_0x145a,Oreskovicb,29.0,648-17-9617,Lawyer,2023-01-01
CUS_0x145c,Lewis Krauskopfu,,448-30-5081,Writer,2023-06-01
CUS_0x1463,Rachnae,50.0,239-41-8144,Media_Manager,2025-01-01
CUS_0x146a,Ryanu,35.0,473-27-3479,Architect,2024-09-01
CUS_0x1470,Jatindrax,24.0,541-60-3931,Accountant,2024-02-01
CUS_0x1471,Peg Mackeyo,43.0,,Teacher,2023-08-01
CUS_0x1472,Chiangx,38.0,144-90-7708,Entrepreneur,2024-06-01
CUS_0x147a,Chriss,20.0,947-32-0844,Writer,2024-08-01
CUS_0x147c,Soyoungb,32.0,504-71-5417,Teacher,2023-10-01
CUS_0x1488,Kirstiny,39.0,856-92-9467,Entrepreneur,2023-12-01
CUS_0x148b,Waltero,49.0,947-71-1861,Architect,2023-04-01
CUS_0x148e,N.o,45.0,942-00-5565,Accountant,2024-05-01
CUS_0x1492,en Hirschlerw,36.0,612-31-0459,Teacher,2023-01-01
CUS_0x1498,Raymondk,40.0,335-78-1643,Manager,2023-10-01
CUS_0x1499,Guptaj,50.0,440-22-8350,Engineer,2025-01-01
CUS_0x149e,Daveq,35.0,760-87-5470,Media_Manager,2023-06-01
CUS_0x14a3,Prustyx,,642-06-3189,Media_Manager,2023-07-01
CUS_0x14b3,Georged,54.0,109-01-0234,Lawyer,2023-07-01
CUS_0x14b4,Ingramp,33.0,377-94-2974,Engineer,2023-04-01
CUS_0x14b9,Silvia Aloisit,30.0,035-83-1012,Architect,2023-07-01
CUS_0x14ba,Kevin Yaoe,20.0,961-03-0481,Teacher,2023-05-01
CUS_0x14c1,Denny Thomasz,37.0,695-59-2005,Media_Manager,2023-11-01
CUS_0x14c2,Diane Bartzx,31.0,840-29-3626,Architect,2024-09-01
CUS_0x14ca,Bosellip,29.0,348-82-9499,Teacher,2023-06-01
CUS_0x14ce,Laul,44.0,318-82-4117,Musician,2024-04-01
CUS_0x14cf,Philf,29.0,195-25-5475,Musician,2023-08-01
CUS_0x14d0,Huwk,22.0,271-41-2506,Musician,2024-01-01
CUS_0x14d1,Matthewx,28.0,166-12-0556,Journalist,2023-09-01
CUS_0x14d3,enl,32.0,219-57-6916,Teacher,2023-12-01
CUS_0x14d5,Kirstinz,37.0,476-48-0347,Engineer,2023-02-01
CUS_0x14d8,Miyoung Kimg,47.0,577-56-8377,Writer,2023-03-01
CUS_0x14d9,Subhedarm,36.0,225-59-9039,Writer,2024-10-01
CUS_0x14de,Ormsbya,22.0,656-31-0155,Manager,2023-09-01
CUS_0x14e5,Michael Flahertym,29.0,836-69-3439,Doctor,2023-09-01
CUS_0x14ea,Tom Polanseks,42.0,298-76-0431,Teacher,2023-11-01
CUS_0x14ec,Mattp,27.0,931-56-3569,Media_Manager,2024-07-01
CUS_0x14f1,Viswanathag,30.0,,Engineer,2024-09-01
CUS_0x14f4,Richardc,23.0,870-88-0893,Developer,2024-12-01
CUS_0x14f5,Richard Leongd,41.0,497-15-6333,Doctor,2023-10-01
CUS_0x14f6,Jarryj,,095-65-3687,Doctor,2024-09-01
CUS_0x14ff,Ishchenkox,,027-71-3979,Writer,2023-04-01
CUS_0x150b,Pete Sweeneyw,21.0,459-49-6464,Entrepreneur,2024-05-01
CUS_0x150c,Robd,21.0,008-81-3367,Mechanic,2023-07-01
CUS_0x150d,Costa Markl,38.0,868-87-6401,Writer,2024-01-01
CUS_0x1510,Slatert,27.0,847-73-6303,Doctor,2024-08-01
CUS_0x151b,Allison Martelln,,224-45-3294,Journalist,2024-12-01
CUS_0x1521,Sineadm,54.0,,Accountant,2023-03-01
CUS_0x1528,Foow,44.0,770-63-1122,Entrepreneur,2024-04-01
CUS_0x1534,Ernest Scheyderi,26.0,764-41-7508,Scientist,2024-04-01
CUS_0x1535,Reganv,22.0,600-38-3364,Musician,2024-11-01
CUS_0x1537,Michaele,40.0,540-88-5808,,2023-04-01
CUS_0x153d,Saraht,20.0,365-79-1629,Accountant,2023-01-01
CUS_0x1540,Soyoung Kimf,26.0,742-16-8468,Engineer,2024-10-01
CUS_0x1542,James Regans,43.0,946-39-9629,Engineer,2024-12-01
CUS_0x1546,Ryanh,17.0,078-43-8169,Engineer,2024-03-01
CUS_0x1550,Scuffhamm,38.0,,Musician,2024-01-01
CUS_0x1551,Kyle Petersonm,28.0,210-96-9043,Entrepreneur,2024-11-01
CUS_0x155b,Vellacottv,26.0,642-53-3146,,2024-10-01
CUS_0x1563,Scottc,16.0,303-54-9202,Developer,2024-12-01
CUS_0x1567,Tetsushik,31.0,675-44-1792,Entrepreneur,2023-01-01
CUS_0x1572,Martin Pettys,39.0,031-16-3010,Engineer,2024-08-01
CUS_0x1577,Wohlg,23.0,812-17-6549,Mechanic,2023-05-01
CUS_0x157a,Ben Klaymani,16.0,103-88-8332,Media_Manager,2023-06-01
CUS_0x157d,Thompsonf,24.0,901-97-7993,Teacher,2024-10-01
CUS_0x1585,Kazunori Takadax,22.0,168-46-0002,Media_Manager,2023-06-01
CUS_0x1589,Olivia Oranw,36.0,618-91-2082,Doctor,2024-01-01
CUS_0x158e,Rodrigoo,34.0,208-03-8186,Writer,2024-11-01
CUS_0x1591,Olivia Oranh,20.0,352-06-6563,Writer,2024-03-01
CUS_0x1595,Lucy Hornbyw,40.0,132-58-0299,Accountant,2024-07-01
CUS_0x159b,Thatcheri,35.0,437-45-4869,Architect,2024-08-01
CUS_0x159f,Millikenw,34.0,554-38-9690,Engineer,2023-11-01
CUS_0x15a3,McCrankd,31.0,174-73-2790,Mechanic,2024-06-01
CUS_0x15a4,Madeline Chamberss,22.0,208-96-4573,Engineer,2023-03-01
CUS_0x15a7,Philippy,22.0,755-77-1230,Mechanic,2024-05-01
CUS_0x15a9,Petery,39.0,827-07-8942,Writer,2024-11-01
CUS_0x15ad,Peterl,27.0,357-70-0085,Mechanic,2023-01-01
CUS_0x15b4,Virkid,23.0,648-00-4817,Musician,2024-05-01
CUS_0x15b7,Anna Driverc,37.0,,Engineer,2023-02-01
CUS_0x15b9,Alex rax,23.0,824-34-8358,Writer,2023-03-01
CUS_0x15c4,Sue Zeidlerd,38.0,267-54-6899,Journalist,2023-08-01
CUS_0x15c5,Jensent,39.0,680-70-8654,Doctor,2025-01-01
CUS_0x15cc,Anna Yukhananova,25.0,009-20-6501,Manager,2024-02-01
CUS_0x15d5,Grantq,24.0,296-39-6431,Teacher,2024-03-01
CUS_0x15d9,Edwine,34.0,595-11-4463,Doctor,2024-03-01
CUS_0x15da,Lynch Emilyy,24.0,283-09-7565,Doctor,2024-02-01
CUS_0x15dd,Annq,,794-51-3706,Architect,2024-05-01
CUS_0x15df,Whiteb,29.0,472-10-4696,Manager,2024-12-01
CUS_0x15e7,Yimou Leeh,16.0,948-92-5850,Media_Manager,2023-07-01
CUS_0x15ec,Phile,30.0,,Manager,2024-07-01
CUS_0x15f1,Peter Rudegeairj,33.0,097-15-4981,,2024-08-01
CUS_0x15f2,Taiga Uranakar,32.0,708-00-6661,Teacher,2023-08-01
CUS_0x15f4,Barrh,17.0,858-25-8047,Developer,2024-06-01
CUS_0x15f7,Dhanyal,19.0,,Engineer,2024-02-01
CUS_0x15f8,Sonali Paulv,37.0,979-81-8610,Developer,2024-06-01
CUS_0x1600,Megan Daviesb,30.0,871-12-8955,Media_Manager,2024-10-01
CUS_0x1604,Sam Forgioneb,43.0,078-26-7485,Developer,2023-11-01
CUS_0x1607,Nicolacif,45.0,994-40-1980,Architect,2024-10-01
CUS_0x160a,Fergus Jenseny,27.0,262-33-6347,,2023-02-01
CUS_0x1612,en Klaymanf,38.0,147-97-2500,Media_Manager,2024-10-01
CUS_0x1613,Anna Driveru,33.0,572-19-1320,Accountant,2024-12-01
CUS_0x1616,Johnc,33.0,232-16-0697,Architect,2023-05-01
CUS_0x1619,Phil Wahbao,54.0,683-59-7399,Media_Manager,2023-09-01
CUS_0x161b,Pavel Polityukq,38.0,451-95-0188,Manager,2024-09-01
CUS_0x1621,Nickr,41.0,470-60-1304,Writer,2024-08-01
CUS_0x1628,Frostl,33.0,340-56-9506,Musician,2024-04-01
CUS_0x162f,"""OLeary""""k""",35.0,170-70-1371,Engineer,2024-05-01
CUS_0x1630,Laurence Fletchery,35.0,638-52-4307,Writer,2023-01-01
CUS_0x1631,Karen Jacobsy,45.0,453-64-2565,Mechanic,2024-05-01
CUS_0x1638,Langeu,28.0,419-04-0207,Lawyer,2024-08-01
CUS_0x163c,Julien Toyera,32.0,534-12-7952,Media_Manager,2023-04-01
CUS_0x1640,Josephine Masonl,28.0,386-11-7632,Teacher,2024-06-01
CUS_0x1647,Caroline Valetkevitchb,19.0,747-79-7877,Lawyer,2023-07-01
CUS_0x164a,Alistairj,41.0,580-12-6259,Entrepreneur,2023-02-01
CUS_0x164f,McCrankk,31.0,810-03-9800,Architect,2024-12-01
CUS_0x165a,Margaret Chadbournw,36.0,863-16-0608,Architect,2024-09-01
CUS_0x165b,Karolina Tagarist,23.0,639-95-8108,Mechanic,2024-08-01
CUS_0x165e,Schnurrn,30.0,185-36-2802,Doctor,2023-07-01
CUS_0x165f,Robertw,37.0,962-16-3321,Writer,2025-01-01
CUS_0x1661,Sams,17.0,205-56-4253,Doctor,2023-08-01
CUS_0x1663,Soham Chatterjeem,33.0,773-73-1932,Lawyer,2024-10-01
CUS_0x1664,Noelv,30.0,415-68-9816,Developer,2023-06-01
CUS_0x1666,Luciaj,50.0,834-78-2099,Engineer,2023-09-01
CUS_0x1668,Emily Stephensonm,30.0,371-79-8484,Scientist,2024-01-01
CUS_0x166c,Longstrethl,41.0,422-62-7783,,2023-06-01
CUS_0x1673,Annad,28.0,002-93-9888,Doctor,2024-10-01
CUS_0x1676,Jonathanq,22.0,408-02-4990,Mechanic,2023-08-01
CUS_0x167a,Soyoung Kimt,44.0,851-45-6853,,2024-01-01
CUS_0x1680,"""ODonnell""""i""",28.0,385-98-7605,Doctor,2024-10-01
CUS_0x1688,Kerberl,39.0,741-04-8469,Architect,2024-01-01
CUS_0x168d,Ori Lewiss,34.0,305-62-3317,Entrepreneur,2023-05-01
CUS_0x1690,Economics Correspondentu,44.0,,Architect,2023-03-01
CUS_0x1691,Ermanr,44.0,003-83-8192,Media_Manager,2024-09-01
CUS_0x1695,Svea Herbst-Baylissx,28.0,947-47-2443,Engineer,2024-03-01
CUS_0x1697,Pauls,42.0,044-06-1094,Musician,2025-01-01
CUS_0x1698,Rosenp,19.0,622-91-3070,Media_Manager,2023-06-01
CUS_0x1699,Sabam,29.0,916-34-3895,Lawyer,2024-06-01
CUS_0x169c,Kevin Grayy,46.0,329-30-2891,Developer,2023-01-01
CUS_0x169d,Jonathanl,20.0,282-18-9852,Musician,2023-01-01
CUS_0x16a2,Liana B.g,24.0,073-14-2342,Musician,2023-06-01
CUS_0x16a4,Sakari Suoninenr,36.0,550-63-8553,Architect,2023-02-01
CUS_0x16a5,Cruisel,42.0,309-46-9938,,2023-10-01
CUS_0x16a6,Schnurrz,26.0,,,2023-12-01
CUS_0x16ae,Pascalz,40.0,567-87-6871,Musician,2025-01-01
CUS_0x16b1,illy Cheungd,36.0,,,2024-06-01
CUS_0x16b4,Mahmoudn,37.0,171-24-2247,Lawyer,2024-03-01
CUS_0x16b6,Wongy,40.0,687-03-0707,Accountant,2024-09-01
CUS_0x16be,Agnieszkac,38.0,241-14-6353,Doctor,2024-10-01
CUS_0x16c4,Marjag,17.0,365-26-7399,Mechanic,2024-06-01
CUS_0x16cf,Aaron Sheldricka,14.0,386-77-8198,Architect,2024-04-01
CUS_0x16d0,Spicerc,39.0,570-24-3883,Entrepreneur,2023-03-01
CUS_0x16d3,Andrea Shalal-Esac,18.0,619-06-9383,Entrepreneur,2023-10-01
CUS_0x16d4,Sinead Carewq,44.0,132-82-7348,Developer,2024-04-01
CUS_0x16d5,Wohlo,32.0,434-00-3122,Mechanic,2024-06-01
CUS_0x16d9,Matt Scuffhamw,41.0,931-50-1049,Writer,2023-06-01
CUS_0x16ee,Tom Berginw,48.0,538-37-5854,,2024-09-01
CUS_0x16f4,Forgionez,37.0,,Media_Manager,2023-01-01
CUS_0x16f5,Annj,53.0,138-08-3421,Scientist,2024-10-01
CUS_0x16f8,Nate Raymondz,25.0,107-46-5762,Architect,2023-09-01
CUS_0x16fd,Padraic Halpinn,34.0,953-21-5076,Architect,2024-07-01
CUS_0x1705,Sruthiy,47.0,176-22-5639,Media_Manager,2025-01-01
CUS_0x1709,Lukes,49.0,678-22-5579,Developer,2023-08-01
CUS_0x1713,Jessica Wohlr,32.0,186-82-0006,Musician,2024-03-01
CUS_0x1718,Hyunjoo Jinh,43.0,047-16-1543,Architect,2024-01-01
CUS_0x172d,Carrelx,39.0,587-57-4370,Musician,2024-06-01
CUS_0x1733,Jonathan Cablec,29.0,055-42-9873,Entrepreneur,2023-01-01
CUS_0x1735,Cyril Altmeyert,20.0,897-04-2508,Scientist,2023-05-01
CUS_0x1739,Miyoung Kima,42.0,569-88-9911,Scientist,2024-02-01
CUS_0x1743,Terryh,23.0,005-76-5155,Mechanic,2024-06-01
CUS_0x1746,Oliviae,27.0,064-20-9607,Media_Manager,2023-04-01
CUS_0x1748,Olga Dzyubenkop,35.0,958-25-6723,Mechanic,2023-10-01
CUS_0x174b,Mutikanic,30.0,942-42-9612,Writer,2024-11-01
CUS_0x1750,Evar,37.0,270-38-6663,Teacher,2024-09-01
CUS_0x1755,Chees,19.0,728-09-1263,Accountant,2023-04-01
CUS_0x1758,Miaq,22.0,322-65-4078,Lawyer,2024-01-01
CUS_0x1764,Ross Kerberf,26.0,807-84-4440,Engineer,2024-01-01
CUS_0x1765,Harryw,32.0,966-30-5287,Engineer,2024-12-01
CUS_0x1766,raden Reddalld,14.0,751-67-7414,Teacher,2023-06-01
CUS_0x1768,ra Alpert,37.0,738-21-7582,Writer,2024-09-01
CUS_0x1769,Stephenr,27.0,416-99-1698,Musician,2023-03-01
CUS_0x176b,Mike Dolanj,25.0,917-47-6490,Journalist,2024-10-01
CUS_0x1773,Laura Noonanh,40.0,682-53-7501,Architect,2023-10-01
CUS_0x1786,Jan Strupczewskiy,23.0,468-28-0415,Media_Manager,2023-05-01
CUS_0x178b,Days,45.0,543-67-7876,Developer,2024-02-01
CUS_0x178d,Luciad,50.0,646-17-2843,Scientist,2024-11-01
CUS_0x1799,Raymondk,47.0,069-90-4166,Mechanic,2024-11-01
CUS_0x17a9,Sheldrickr,39.0,034-95-8551,Musician,2023-05-01
CUS_0x17b0,Chucki,21.0,713-73-3196,Developer,2023-05-01
CUS_0x17b5,Kiharak,51.0,714-28-0746,Doctor,2024-10-01
CUS_0x17bb,Aarony,39.0,691-17-1432,Architect,2023-02-01
CUS_0x17c3,Peter Lauriav,22.0,530-88-6920,Writer,2023-03-01
CUS_0x17c4,eyy,27.0,556-40-1723,Teacher,2023-05-01
CUS_0x17c5,Ayesha Rascoek,42.0,676-90-9901,Engineer,2023-08-01
CUS_0x17c7,Philu,53.0,302-01-7301,Engineer,2023-01-01
CUS_0x17d1,Niklas Pollardc,22.0,,Architect,2023-04-01
CUS_0x17d3,Stempelu,29.0,436-40-1442,Architect,2023-12-01
CUS_0x17d7,Polansekz,41.0,768-24-1090,Scientist,2024-12-01
CUS_0x17e0,Silvia Antonioliq,31.0,739-05-3714,Lawyer,2023-06-01
CUS_0x17e3,Jasonb,30.0,,Media_Manager,2024-01-01
CUS_0x17e5,Alison Griswoldo,27.0,175-33-5803,Scientist,2024-05-01
CUS_0x17e8,Koh Guii,35.0,092-76-3178,Mechanic,2023-07-01
CUS_0x17e9,Shirouzuj,42.0,616-94-7076,Accountant,2024-06-01
CUS_0x17ec,Billz,39.0,853-62-7450,Architect,2024-02-01
CUS_0x17ef,Chucky,21.0,339-70-9719,Journalist,2023-06-01
CUS_0x17f0,Luke Jeffsl,26.0,097-85-1090,Scientist,2023-07-01
CUS_0x17f3,Ronald Groverk,39.0,033-08-6622,Manager,2024-06-01
CUS_0x17fb,Sharpi,40.0,700-02-0618,Teacher,2024-04-01
CUS_0x17fc,Andrea Shalal-Esac,26.0,833-42-2182,Entrepreneur,2024-09-01
CUS_0x17fe,Santaa,30.0,770-45-7126,Developer,2023-06-01
CUS_0x17ff,Michaelk,21.0,280-03-3060,Scientist,2024-10-01
CUS_0x1806,Vorobyovai,56.0,167-18-8944,Manager,2025-01-01
CUS_0x1807,Carstenc,55.0,967-06-5986,Manager,2023-11-01
CUS_0x180a,Nickk,45.0,356-18-9501,Media_Manager,2023-09-01
CUS_0x180f,Kareng,29.0,568-54-3190,,2024-06-01
CUS_0x1810,Mangank,36.0,759-35-3427,Developer,2023-06-01
CUS_0x181a,Andrewr,56.0,165-48-8166,Mechanic,2023-08-01
CUS_0x181c,Johnb,20.0,255-78-5791,Manager,2023-11-01
CUS_0x181e,Robert Robertssonf,36.0,949-56-8430,Doctor,2023-01-01
CUS_0x181f,Jonasg,38.0,552-71-6305,Media_Manager,2023-01-01
CUS_0x1820,ra Alpers,27.0,654-71-1742,Engineer,2024-10-01
CUS_0x1821,Piersonm,18.0,045-81-4729,Teacher,2024-09-01
CUS_0x182b,Edwinz,47.0,736-28-6339,Doctor,2023-01-01
CUS_0x182d,Smiths,26.0,344-73-9102,Entrepreneur,2023-07-01
CUS_0x1833,Wolfc,49.0,277-68-3924,Architect,2024-12-01
CUS_0x1835,Jeffrey Hellerw,18.0,013-26-5726,Doctor,2024-11-01
CUS_0x1837,Kazunori Takadab,36.0,600-87-2067,Musician,2024-11-01
CUS_0x183d,Whiteb,15.0,259-11-0934,Writer,2024-07-01
CUS_0x183e,Alison Griswoldn,41.0,269-19-5115,Scientist,2024-07-01
CUS_0x1844,Anthony Deutscha,38.0,638-11-3367,Writer,2023-03-01
CUS_0x1848,Glennl,38.0,766-42-5182,,2023-08-01
CUS_0x184c,Goelr,21.0,330-09-7564,,2023-07-01
CUS_0x1852,Temple-Wests,39.0,350-44-7688,Architect,2024-12-01
CUS_0x1854,Terrilv,27.0,369-07-8864,Scientist,2023-05-01
CUS_0x185e,Henry Foya,47.0,410-17-8287,Lawyer,2023-02-01
CUS_0x1863,Vinocurw,54.0,316-92-2785,Manager,2023-07-01
CUS_0x1864,Nicky,43.0,165-11-0805,Journalist,2023-08-01
CUS_0x1869,Tim Hephero,30.0,716-60-2791,Developer,2023-08-01
CUS_0x1871,Groomj,25.0,245-31-5920,Lawyer,2024-03-01
CUS_0x187e,Tomx,28.0,229-21-4534,Entrepreneur,2023-12-01
CUS_0x1881,Alisterh,36.0,580-26-8686,Entrepreneur,2023-02-01
CUS_0x1883,David Millikenw,41.0,,Lawyer,2024-09-01
CUS_0x1884,Jens Hackg,15.0,829-82-5789,Accountant,2024-09-01
CUS_0x188f,Johant,55.0,,Writer,2023-10-01
CUS_0x1890,"""""""Johnt""",26.0,765-48-3540,Lawyer,2024-08-01
CUS_0x1894,ernard Vaughanp,33.0,721-51-0373,Entrepreneur,2023-04-01
CUS_0x1897,Hirschlers,34.0,173-54-8322,Manager,2024-11-01
CUS_0x1899,Pineaun,43.0,694-91-8333,Writer,2023-02-01
CUS_0x189e,Pj,28.0,129-46-1641,Teacher,2023-12-01
CUS_0x18a2,Lindan,23.0,060-44-9617,Developer,2024-09-01
CUS_0x18a6,Hamzahi,54.0,464-94-6491,Scientist,2023-03-01
CUS_0x18ab,Huw Jonesb,20.0,023-12-4309,Musician,2024-06-01
CUS_0x18ac,Liana B.g,39.0,749-91-6133,Scientist,2023-02-01
CUS_0x18af,Kirsten Donovans,41.0,327-55-6815,Accountant,2023-10-01
CUS_0x18b5,Caroline Valetkevitcht,45.0,732-18-5419,Developer,2025-01-01
CUS_0x18b9,Dan Levinef,27.0,643-82-1615,Engineer,2023-04-01
CUS_0x18bc,Lauraq,41.0,653-29-6403,Engineer,2024-12-01
CUS_0x18be,Maloneb,37.0,484-89-8097,Engineer,2025-01-01
CUS_0x18c5,Gabriel Debenedettio,38.0,383-85-3208,Lawyer,2023-06-01
CUS_0x18c6,Christopherm,42.0,719-44-4102,Engineer,2023-06-01
CUS_0x18c9,Scott Malonej,48.0,108-93-2981,,2023-01-01
CUS_0x18ca,Seetharamank,46.0,,Engineer,2024-12-01
CUS_0x18cb,Alistair Barrt,41.0,171-38-6810,Media_Manager,2024-01-01
CUS_0x18d4,Michele Kambasy,26.0,,Teacher,2023-08-01
CUS_0x18d7,Smithy,15.0,761-38-3436,Scientist,2023-02-01
CUS_0x18d8,Nishant Kumarf,37.0,584-59-3676,Accountant,2024-03-01
CUS_0x18e1,Dowsettx,37.0,536-82-6071,Media_Manager,2024-10-01
CUS_0x18e2,Iyerw,23.0,215-30-2338,Architect,2023-09-01
CUS_0x18e5,Zieminskih,34.0,958-83-8767,Architect,2024-03-01
CUS_0x18e8,Sabrinaq,32.0,961-57-1916,Lawyer,2024-06-01
CUS_0x18ea,Jasond,28.0,411-59-6345,Musician,2023-11-01
CUS_0x18ef,Andrea Shalal-Esak,21.0,136-44-5764,Entrepreneur,2024-04-01
CUS_0x18f3,Miyoung Kimj,40.0,838-71-4191,Manager,2024-10-01
CUS_0x18f4,Lee Chyena,23.0,123-85-8897,Teacher,2024-02-01
CUS_0x18f5,Motsoenengi,54.0,169-46-3515,Accountant,2024-08-01
CUS_0x18f7,Emily Stephensont,41.0,498-86-5960,Musician,2024-04-01
CUS_0x18fa,Wachteln,55.0,177-06-9070,Journalist,2023-11-01
CUS_0x18fd,Ferreira-Marquest,43.0,885-14-1406,,2024-12-01
CUS_0x1900,Strupczewskix,26.0,534-19-8100,Accountant,2024-08-01
CUS_0x1902,Melindai,43.0,346-08-4265,Lawyer,2023-02-01
CUS_0x190e,Swethau,21.0,455-09-3994,Developer,2023-01-01
CUS_0x1911,Timothyw,39.0,,,2023-04-01
CUS_0x1912,Hetznerv,31.0,380-60-3352,Teacher,2023-10-01
CUS_0x1914,Noriyuki Hiratar,23.0,885-45-5921,Lawyer,2024-02-01
CUS_0x1915,Cremere,45.0,970-73-1799,Writer,2023-12-01
CUS_0x1916,Dhanyax,32.0,017-14-5611,Developer,2023-12-01
CUS_0x191b,Yunx,55.0,842-62-4462,Accountant,2023-02-01
CUS_0x191f,Ryanc,50.0,072-38-6457,Developer,2023-10-01
CUS_0x1920,Robertp,42.0,350-32-7099,Scientist,2023-01-01
CUS_0x1924,Ross Kerberv,36.0,043-02-7839,Mechanic,2023-04-01
CUS_0x1929,Rickw,29.0,395-44-7800,Engineer,2024-11-01
CUS_0x192d,Skariachanc,49.0,994-28-9986,Engineer,2023-08-01
CUS_0x192f,Luciam,22.0,952-38-9618,,2023-04-01
CUS_0x1930,Rickg,25.0,990-90-4400,Teacher,2023-08-01
CUS_0x1931,Jonathan Stempelt,18.0,954-05-2870,Lawyer,2024-03-01
CUS_0x1934,Sophieh,42.0,170-20-9873,Entrepreneur,2023-02-01
CUS_0x1935,Andreac,44.0,306-45-4223,Media_Manager,2024-02-01
CUS_0x1938,Ian Chuar,24.0,059-09-5779,,2023-09-01
CUS_0x193b,Guiy,16.0,044-37-0803,Lawyer,2023-07-01
CUS_0x193c,Christiaan Hetzners,25.0,933-33-8472,,2024-04-01
CUS_0x193e,Kevin Yaoy,21.0,842-61-0519,Lawyer,2023-10-01
CUS_0x1941,McCrankx,41.0,652-07-7900,Media_Manager,2023-08-01
CUS_0x1942,Jeffsd,28.0,508-88-3060,Developer,2024-01-01
CUS_0x1947,Casey Sullivans,56.0,715-00-9807,Engineer,2024-08-01
CUS_0x1948,Jonathan Cablew,,914-66-3208,Accountant,2024-12-01
CUS_0x194b,Liza Dobkinan,29.0,661-41-7229,Engineer,2024-02-01
CUS_0x194f,Rodrigo Camposw,44.0,254-39-4934,,2024-08-01
CUS_0x1956,Shalal-Esay,35.0,467-02-8044,Doctor,2023-12-01
CUS_0x195b,Rodrigo Camposl,42.0,185-13-1410,Scientist,2024-10-01
CUS_0x1960,Jasonj,54.0,072-65-2594,Architect,2023-01-01
CUS_0x1962,Edwardg,36.0,209-16-3037,Mechanic,2023-05-01
CUS_0x1968,Cezaryq,16.0,259-84-4594,Accountant,2024-04-01
CUS_0x1971,Jonathanl,34.0,359-13-5762,Manager,2023-12-01
CUS_0x1972,Alistairp,30.0,888-62-8786,Engineer,2023-06-01
CUS_0x1979,Cooperw,26.0,661-25-5123,Doctor,2023-10-01
CUS_0x197f,Aland,39.0,334-38-7121,Writer,2023-04-01
CUS_0x1986,Kaori Kanekot,53.0,136-39-0495,Teacher,2023-07-01
CUS_0x198e,Janw,23.0,128-90-0444,Teacher,2024-01-01
CUS_0x1993,Tim Hepherj,19.0,225-64-5116,Teacher,2023-02-01
CUS_0x1999,Silviob,32.0,447-57-2543,Engineer,2024-04-01
CUS_0x199a,Robin Emmottw,25.0,047-50-4290,Musician,2023-06-01
CUS_0x199b,Alister Bullf,42.0,445-42-3539,Architect,2024-11-01
CUS_0x19a0,Jacobsg,39.0,564-87-3414,Scientist,2024-12-01
CUS_0x19a3,Rigbyl,41.0,719-96-4265,Lawyer,2025-01-01
CUS_0x19a5,Rickp,27.0,,Doctor,2024-08-01
CUS_0x19a7,Forgioner,34.0,,Musician,2024-01-01
CUS_0x19a8,Victoriav,,738-50-7769,Musician,2023-02-01
CUS_0x19a9,Dhanya Skariachanh,28.0,923-50-7465,Engineer,2024-09-01
CUS_0x19ad,Yokoq,44.0,881-97-6963,Journalist,2023-01-01
CUS_0x19b0,Arunat,38.0,523-76-9027,Writer,2024-03-01
CUS_0x19b2,Rebecca Hamiltonx,38.0,469-26-7362,Developer,2024-03-01
CUS_0x19b5,Jan Strupczewskip,52.0,331-73-1353,Mechanic,2024-01-01
CUS_0x19c1,Mattq,43.0,246-36-9292,Teacher,2024-05-01
CUS_0x19c9,Cableo,31.0,534-54-1028,Entrepreneur,2024-03-01
CUS_0x19cc,John McCrankb,,077-67-6966,Entrepreneur,2024-03-01
CUS_0x19d1,Sarah Youngj,36.0,149-03-2551,Scientist,2023-01-01
CUS_0x19d4,Mollenkampj,32.0,999-95-7259,,2023-10-01
CUS_0x19de,Sudipi,34.0,162-12-7993,Lawyer,2023-11-01
CUS_0x19e1,Barrt,45.0,332-57-6366,Journalist,2023-01-01
CUS_0x19f3,Ryan Vlastelicak,32.0,940-10-6588,Entrepreneur,2024-03-01
CUS_0x19fc,Spicerf,31.0,502-11-8830,Teacher,2024-02-01
CUS_0x1a00,Mendoncai,30.0,407-05-1951,Manager,2024-12-01
CUS_0x1a03,Haggetto,28.0,692-28-2431,,2024-04-01
CUS_0x1a06,Laum,34.0,,Manager,2024-08-01
CUS_0x1a16,Leahb,34.0,316-83-4105,,2023-07-01
CUS_0x1a18,Yoko Kubotaw,17.0,800-90-7191,Lawyer,2023-02-01
CUS_0x1a22,Hoytb,29.0,570-38-5531,Developer,2024-05-01
CUS_0x1a23,Paige Gancec,51.0,092-81-2077,Lawyer,2025-01-01
CUS_0x1a2a,arani Krishnanm,26.0,227-46-3036,Architect,2023-06-01
CUS_0x1a2f,Lorrainey,54.0,894-09-8608,Journalist,2023-06-01
CUS_0x1a33,Younglait,42.0,883-91-5779,Developer,2023-03-01
CUS_0x1a3a,Kohk,43.0,273-60-9876,Accountant,2023-03-01
CUS_0x1a3b,Victoria Thiebergerh,16.0,173-00-2847,Entrepreneur,2024-08-01
CUS_0x1a44,Alanp,44.0,990-15-5111,Mechanic,2023-07-01
CUS_0x1a4a,Paul Taylorj,41.0,759-42-2499,Developer,2023-06-01
CUS_0x1a4b,Denis Pinchuke,23.0,490-54-0863,Doctor,2024-06-01
CUS_0x1a4d,Adegokei,25.0,056-47-9727,Accountant,2023-12-01
CUS_0x1a53,Petersono,38.0,425-07-1650,Manager,2024-04-01
CUS_0x1a56,Ninaw,29.0,804-47-6828,Entrepreneur,2024-07-01
CUS_0x1a57,allo,52.0,185-32-4152,,2024-08-01
CUS_0x1a59,Karl Plumeu,19.0,531-57-4050,Journalist,2023-12-01
CUS_0x1a5a,Petes,36.0,225-82-5288,Lawyer,2024-04-01
CUS_0x1a5c,Jedb,40.0,691-48-1115,,2024-05-01
CUS_0x1a61,Stempelw,19.0,958-80-8887,Manager,2024-12-01
CUS_0x1a71,Billv,19.0,708-94-5712,Engineer,2024-09-01
CUS_0x1a77,Seetharamant,19.0,106-15-9029,Manager,2023-03-01
CUS_0x1a7b,Nathan Layneb,32.0,079-59-6325,Entrepreneur,2024-11-01
CUS_0x1a85,Hughx,30.0,294-75-4552,Engineer,2024-04-01
CUS_0x1a86,Matthewh,33.0,835-36-1985,Entrepreneur,2025-01-01
CUS_0x1a87,Kevin Yaoq,35.0,365-77-3067,Mechanic,2023-05-01
CUS_0x1a8d,Wohld,31.0,222-99-8137,Mechanic,2023-04-01
CUS_0x1a96,Sinead Carewi,50.0,405-79-5399,Media_Manager,2024-08-01
CUS_0x1a9c,Richwinem,38.0,898-03-0260,Writer,2023-01-01
CUS_0x1a9f,Carolinen,16.0,391-61-3109,Writer,2024-06-01
CUS_0x1aa0,Huwe,26.0,079-45-2582,,2023-03-01
CUS_0x1aa4,Michelle Sierrae,42.0,404-72-1681,Doctor,2023-06-01
CUS_0x1aaf,Swatiu,24.0,750-26-4712,Engineer,2023-10-01
CUS_0x1ab3,Ritsukoc,41.0,446-10-6070,Entrepreneur,2023-01-01
CUS_0x1ab7,Adrianu,34.0,528-43-8765,Lawyer,2023-11-01
CUS_0x1ab8,Chuckh,23.0,777-84-6423,Doctor,2023-11-01
CUS_0x1ab9,Aruna Viswanathao,44.0,915-26-4386,Engineer,2023-08-01
CUS_0x1abb,Euan Rochaa,41.0,014-18-6605,Lawyer,2023-10-01
CUS_0x1abc,Ingramk,35.0,747-88-3394,Journalist,2023-09-01
CUS_0x1abe,Scheyderd,45.0,744-16-3832,Lawyer,2024-07-01
CUS_0x1ac0,Rick Rothackerd,37.0,728-34-9997,Doctor,2024-03-01
CUS_0x1ac9,Seetharamanx,30.0,815-80-6961,,2024-03-01
CUS_0x1ad3,Michael Ermanl,35.0,056-35-3142,Scientist,2024-08-01
CUS_0x1ad6,Ilona Wissenbachm,14.0,127-10-3342,Lawyer,2024-10-01
CUS_0x1ad9,Robin Emmotto,22.0,625-37-5496,Journalist,2024-09-01
CUS_0x1add,Svenk,23.0,917-37-8257,Doctor,2023-03-01
CUS_0x1ae8,Greg Roumeliotish,42.0,302-22-0779,Entrepreneur,2024-10-01
CUS_0x1aeb,Dane,19.0,256-19-0938,Teacher,2023-07-01
CUS_0x1aee,Klaymanp,26.0,065-68-6043,Accountant,2023-06-01
CUS_0x1af1,Susant,43.0,650-81-9563,Lawyer,2023-12-01
CUS_0x1afd,Katya Golubkovay,35.0,662-00-3287,Teacher,2023-11-01
CUS_0x1b00,Strupczewskih,33.0,638-65-2500,Lawyer,2023-10-01
CUS_0x1b02,Jont,53.0,683-17-8939,Architect,2024-07-01
CUS_0x1b07,Baldwinq,35.0,739-15-8297,Accountant,2023-05-01
CUS_0x1b09,Scheyderu,40.0,507-03-3969,Entrepreneur,2024-01-01
CUS_0x1b0a,Alexei Oreskovicl,35.0,777-41-6594,Writer,2024-06-01
CUS_0x1b0b,Rick Rothackerv,28.0,001-67-3534,Manager,2024-03-01
CUS_0x1b0c,Lesleyr,41.0,560-72-2453,Media_Manager,2023-05-01
CUS_0x1b0f,Euanp,28.0,726-95-5073,Accountant,2023-04-01
CUS_0x1b1a,Michaeli,,025-91-0217,Accountant,2024-11-01
CUS_0x1b21,Jason Langez,27.0,382-04-7153,,2024-03-01
CUS_0x1b29,Helenb,30.0,634-57-5757,Media_Manager,2023-12-01
CUS_0x1b2a,Noel Rx,21.0,315-88-0518,Teacher,2024-09-01
CUS_0x1b3a,Jonesg,45.0,286-54-9844,Architect,2024-02-01
CUS_0x1b3b,Greg Roumeliotisq,49.0,473-62-8692,Lawyer,2024-09-01
CUS_0x1b41,Jonesn,39.0,521-24-8234,Engineer,2024-07-01
CUS_0x1b42,Natee,43.0,073-79-8798,Musician,2023-01-01
CUS_0x1b4d,Fabii,28.0,446-41-8824,Mechanic,2023-08-01
CUS_0x1b55,Matthew Robinsonp,41.0,468-81-7192,Lawyer,2024-05-01
CUS_0x1b56,Leika Kiharas,20.0,043-47-6622,Lawyer,2023-04-01
CUS_0x1b59,Alinay,19.0,491-45-7607,Media_Manager,2023-04-01
CUS_0x1b62,Huffstutterh,24.0,564-56-0485,Developer,2024-05-01
CUS_0x1b66,Valetkevitchj,34.0,444-26-5685,Accountant,2023-01-01
CUS_0x1b6d,Douwe Miedemae,22.0,503-24-1934,Engineer,2023-10-01
CUS_0x1b71,Sonali Paulk,29.0,899-16-9688,Architect,2023-07-01
CUS_0x1b7e,Siddharth Cavalek,36.0,780-20-7356,Writer,2024-11-01
CUS_0x1b85,Masoniz,44.0,912-30-2671,Entrepreneur,2024-07-01
CUS_0x1b88,Oreskovicy,23.0,137-52-4360,Architect,2024-06-01
CUS_0x1b8a,Ryanu,33.0,577-72-6050,,2024-06-01
CUS_0x1b97,Ransdell Piersonm,18.0,543-81-0130,Entrepreneur,2024-03-01
CUS_0x1b99,Caroline Valetkevitchi,37.0,685-95-4062,Developer,2023-10-01
CUS_0x1b9a,Leika Kiharaq,20.0,195-20-9615,,2023-02-01
CUS_0x1b9c,Martin Santad,42.0,253-28-5253,Media_Manager,2024-10-01
CUS_0x1ba2,Torbatib,24.0,,Scientist,2024-04-01
CUS_0x1ba9,Scott Malonef,29.0,391-18-9705,Media_Manager,2023-03-01
CUS_0x1bac,Wolfo,,469-12-4672,,2024-11-01
CUS_0x1baf,Andrea Shalal-Esap,41.0,589-48-5213,Accountant,2023-10-01
CUS_0x1bb0,Alpera,48.0,415-44-1369,Entrepreneur,2024-02-01
CUS_0x1bb6,Ablans,20.0,,Entrepreneur,2024-09-01
CUS_0x1bb7,Jonathan Stempelz,41.0,093-84-7831,Entrepreneur,2024-07-01
CUS_0x1bbb,Carrick Mollenkampj,26.0,571-52-6747,Musician,2023-06-01
CUS_0x1bbf,Alexei Oreskovicj,20.0,889-53-4520,Media_Manager,2024-02-01
CUS_0x1bc0,Angelaj,43.0,175-36-3847,Teacher,2023-08-01
CUS_0x1bc4,asil Katzg,49.0,179-87-9194,Lawyer,2023-01-01
CUS_0x1bde,en Hirschlere,36.0,027-51-8010,Manager,2024-12-01
CUS_0x1bdf,Sotoi,21.0,568-57-0626,Mechanic,2023-08-01
CUS_0x1be0,Alisterf,43.0,620-09-7019,Accountant,2023-10-01
CUS_0x1be1,Sineadl,15.0,273-37-7817,Manager,2025-01-01
CUS_0x1be2,Michelley,20.0,241-28-1551,Architect,2023-09-01
CUS_0x1be4,"""""""Silviaz""",23.0,226-81-3945,Mechanic,2023-04-01
CUS_0x1be8,Patrick Temple-Westu,,441-92-5827,Scientist,2024-12-01
CUS_0x1bef,Hopkinse,51.0,160-43-6314,Doctor,2024-02-01
CUS_0x1bf1,Robin Emmottz,55.0,,Lawyer,2023-05-01
CUS_0x1bfd,Dougs,40.0,882-93-1200,Writer,2024-08-01
CUS_0x1bff,Anjuli Daviest,38.0,057-88-5600,Accountant,2024-01-01
CUS_0x1c06,Scuffhamx,22.0,051-71-5276,,2024-10-01
CUS_0x1c09,Ritsukoh,22.0,365-73-8387,Lawyer,2023-01-01
CUS_0x1c0c,Danielz,51.0,781-56-5753,Developer,2024-12-01
CUS_0x1c12,Alwyn Scottm,20.0,644-02-4671,Musician,2024-01-01
CUS_0x1c1a,Jason Sublerv,38.0,049-65-5834,Accountant,2023-06-01
CUS_0x1c1c,Giancarlo Navachv,45.0,702-44-7038,Writer,2023-10-01
CUS_0x1c1f,Andreas Cremerz,19.0,547-35-1825,Writer,2024-01-01
CUS_0x1c24,Narayanan Somasundaramy,27.0,931-29-3452,Manager,2024-02-01
CUS_0x1c26,Philipo,23.0,955-54-1229,Entrepreneur,2024-04-01
CUS_0x1c2a,Pault,45.0,473-13-5730,Accountant,2024-08-01
CUS_0x1c2f,Patrickq,55.0,252-59-7720,Manager,2023-03-01
CUS_0x1c31,Siebelti,25.0,737-71-8641,Musician,2024-02-01
CUS_0x1c34,Kirstin Ridleyl,26.0,184-30-9439,Teacher,2024-11-01
CUS_0x1c39,Winfreyg,41.0,243-53-0158,Media_Manager,2023-01-01
CUS_0x1c3a,Finnt,32.0,298-29-8622,Accountant,2024-08-01
CUS_0x1c3b,Alexei Anishchukq,39.0,596-35-8824,Media_Manager,2024-12-01
CUS_0x1c40,Giannonet,35.0,602-19-3236,Accountant,2023-11-01
CUS_0x1c47,Lu Jianxinh,24.0,239-32-4017,Mechanic,2023-02-01
CUS_0x1c57,Jessica Wohlb,45.0,661-66-4873,Engineer,2023-05-01
CUS_0x1c58,Palmerp,43.0,190-08-2429,Writer,2024-10-01
CUS_0x1c59,Dayz,42.0,277-13-7658,Doctor,2025-01-01
CUS_0x1c5d,Christiaan Hetznerb,19.0,084-74-2355,Musician,2023-04-01
CUS_0x1c61,t Astridn,25.0,055-60-0860,Entrepreneur,2023-02-01
CUS_0x1c65,Kubotay,24.0,238-12-2167,Media_Manager,2023-11-01
CUS_0x1c70,Carolinel,44.0,149-05-1316,Scientist,2023-09-01
CUS_0x1c71,Chiangz,28.0,829-66-3146,,2024-12-01
CUS_0x1c76,Karolina Tagarisj,16.0,756-17-9286,Entrepreneur,2023-03-01
CUS_0x1c78,David Millikens,41.0,,Mechanic,2023-03-01
CUS_0x1c79,Lashb,45.0,699-49-5543,Engineer,2023-07-01
CUS_0x1c7a,Clara Ferreira-Marquesx,32.0,324-22-8733,Mechanic,2024-09-01
CUS_0x1c7d,Breidthardtl,38.0,792-37-0645,Accountant,2023-10-01
CUS_0x1c7e,Aruna Viswanathaf,30.0,972-18-0008,Teacher,2024-01-01
CUS_0x1c82,Fusen,46.0,516-03-1114,Entrepreneur,2024-07-01
CUS_0x1c83,Chikako Mogiv,30.0,544-01-8080,Entrepreneur,2023-08-01
CUS_0x1c89,Tanyab,17.0,794-52-2242,Writer,2023-09-01
CUS_0x1c96,Ryan Vlastelicaw,53.0,725-99-5987,,2023-11-01
CUS_0x1c98,Joan Biskupics,19.0,390-87-7592,Entrepreneur,2024-04-01
CUS_0x1c99,Andreas Rinken,26.0,118-02-3131,Engineer,2023-06-01
CUS_0x1c9c,Dougq,28.0,,Musician,2023-01-01
CUS_0x1ca5,Pav Jordanw,28.0,562-57-6213,Writer,2024-12-01
CUS_0x1ca9,David Ingramd,30.0,044-46-7121,Manager,2023-06-01
CUS_0x1cab,Andreas Cremern,39.0,426-83-2491,Lawyer,2023-12-01
CUS_0x1cb0,Wangg,47.0,459-13-4314,Teacher,2023-03-01
CUS_0x1cb8,Antoniolil,53.0,550-64-9594,Mechanic,2024-05-01
CUS_0x1cbd,Yeem,25.0,982-51-6725,,2025-01-01
CUS_0x1cbe,Daniloq,25.0,714-48-4921,Entrepreneur,2025-01-01
CUS_0x1cc0,Tom Milesf,27.0,957-41-7466,Media_Manager,2023-04-01
CUS_0x1cc3,David Frenchq,56.0,436-19-3706,Mechanic,2024-04-01
CUS_0x1cc4,Xinc,47.0,541-42-6554,Lawyer,2024-01-01
CUS_0x1ccd,Andreat,32.0,808-03-9422,,2025-01-01
CUS_0x1cce,Tomh,32.0,573-65-2004,Entrepreneur,2024-01-01
CUS_0x1ccf,Nick Brownz,28.0,450-49-4774,Teacher,2023-09-01
CUS_0x1cd1,Poornimao,45.0,949-93-6591,Engineer,2023-04-01
CUS_0x1cd5,Davej,33.0,506-15-9619,Developer,2024-07-01
CUS_0x1cd7,Suvashree Deyi,19.0,112-26-4626,,2024-09-01
CUS_0x1cdb,Deepaa,21.0,615-06-7821,Developer,2023-06-01
CUS_0x1ce1,Clarap,24.0,245-22-1682,Engineer,2024-11-01
CUS_0x1ce6,Gertrude Chavez-Dreyfussy,34.0,006-25-8423,Journalist,2024-05-01
CUS_0x1cee,Greg Roumeliotisr,55.0,541-87-1826,Teacher,2023-12-01
CUS_0x1cf3,Henryc,38.0,229-46-4057,Manager,2023-05-01
CUS_0x1cfd,Ann Saphirx,36.0,351-21-1003,Scientist,2023-12-01
CUS_0x1d00,Herbert Lashd,44.0,185-89-0354,Teacher,2024-12-01
CUS_0x1d08,Skariachanh,,075-72-5423,Doctor,2023-03-01
CUS_0x1d13,Jany,23.0,132-53-5164,Musician,2024-09-01
CUS_0x1d15,Dominiquey,35.0,721-59-8577,Architect,2024-04-01
CUS_0x1d18,Dominic Lauv,44.0,061-64-3430,Musician,2023-03-01
CUS_0x1d1b,Araxiac,20.0,566-75-8198,Manager,2024-01-01
CUS_0x1d1c,Andrea Shalal-Esad,25.0,993-91-6618,Developer,2023-08-01
CUS_0x1d1f,Alan Wheatleye,17.0,085-21-9898,Musician,2023-10-01
CUS_0x1d21,Edwardss,37.0,515-83-9208,Doctor,2023-08-01
CUS_0x1d28,Mutikanim,22.0,075-04-2227,Entrepreneur,2024-05-01
CUS_0x1d2b,Clarke,32.0,115-92-9660,Accountant,2024-09-01
CUS_0x1d2c,Alister Bulln,42.0,281-15-6845,Architect,2024-04-01
CUS_0x1d33,Christiaan Hetznern,40.0,697-07-9858,Journalist,2024-01-01
CUS_0x1d3d,Martins,52.0,,Doctor,2024-02-01
CUS_0x1d3e,Wayne Arnoldt,43.0,579-15-1527,Architect,2023-03-01
CUS_0x1d46,Steveni,43.0,121-98-2623,Engineer,2023-05-01
CUS_0x1d4e,McCranke,37.0,182-25-5092,Journalist,2024-04-01
CUS_0x1d51,Bena,49.0,782-33-0423,Developer,2024-06-01
CUS_0x1d56,Laurenti,31.0,200-30-0736,Media_Manager,2023-09-01
CUS_0x1d58,Cheel,20.0,832-91-7166,Mechanic,2024-08-01
CUS_0x1d63,Natec,18.0,836-01-6064,Entrepreneur,2024-12-01
CUS_0x1d64,Estellet,27.0,589-05-3779,Teacher,2023-09-01
CUS_0x1d6f,Polansekj,18.0,197-05-2509,,2023-06-01
CUS_0x1d70,Slatere,21.0,655-19-8273,Media_Manager,2024-09-01
CUS_0x1d72,Jedx,18.0,034-71-6292,Mechanic,2023-11-01
CUS_0x1d79,James Daveyz,30.0,172-70-6021,Teacher,2023-03-01
CUS_0x1d7a,Krishnanc,20.0,252-54-7548,Teacher,2023-04-01
CUS_0x1d7b,Svea Herbst-Baylissq,19.0,512-27-0955,Engineer,2023-07-01
CUS_0x1d85,Daniely,33.0,057-78-0785,Engineer,2024-03-01
CUS_0x1d86,Rothackerw,25.0,370-67-4741,Developer,2023-09-01
CUS_0x1d8d,Leahp,21.0,306-63-6042,,2024-09-01
CUS_0x1d8f,Katyay,27.0,977-87-4804,Teacher,2023-11-01
CUS_0x1d9a,Koranyic,17.0,986-27-1625,Lawyer,2024-01-01
CUS_0x1d9e,Emma Thomassons,42.0,861-85-5004,Lawyer,2023-10-01
CUS_0x1dab,Jonathan Stempeld,30.0,,Writer,2024-05-01
CUS_0x1dac,Dhanya Skariachanr,29.0,235-35-8527,Mechanic,2024-05-01
CUS_0x1dad,C.o,22.0,021-69-2391,Architect,2023-07-01
CUS_0x1db0,Victorial,27.0,428-05-7900,,2023-06-01
CUS_0x1db4,Malones,38.0,218-60-8559,Mechanic,2023-05-01
CUS_0x1db5,Dennya,43.0,088-31-1690,,2023-03-01
CUS_0x1dbb,Nick Edwardst,28.0,000-89-8752,,2024-07-01
CUS_0x1dbd,Steve Slaterm,22.0,699-27-2330,Developer,2023-02-01
CUS_0x1dc1,raden Reddally,55.0,287-97-2627,Musician,2023-08-01
CUS_0x1dc2,Mari Saitox,46.0,358-95-7684,Engineer,2023-06-01
CUS_0x1dc4,Doeringr,42.0,809-45-0364,Journalist,2024-05-01
CUS_0x1dcf,Adamj,51.0,181-80-6490,Writer,2023-01-01
CUS_0x1dd3,Gerryg,24.0,936-83-6588,Manager,2024-07-01
CUS_0x1dd4,Johnson Richardi,49.0,692-38-9743,Doctor,2024-04-01
CUS_0x1dd9,ernard Vaughana,46.0,634-25-7796,Architect,2024-11-01
CUS_0x1dda,Soyoung Kimd,27.0,,Mechanic,2023-12-01
CUS_0x1de3,Leskep,,541-79-1548,Lawyer,2023-06-01
CUS_0x1de5,ann,20.0,269-18-2158,Accountant,2023-12-01
CUS_0x1de6,Moonr,14.0,024-88-0191,,2023-02-01
CUS_0x1de9,Umesh Desaid,26.0,798-92-6478,Architect,2025-01-01
CUS_0x1deb,Dougc,25.0,334-90-6536,Entrepreneur,2025-01-01
CUS_0x1def,Foov,28.0,922-25-6106,Accountant,2023-04-01
CUS_0x1df1,Barberm,31.0,,Mechanic,2024-11-01
CUS_0x1dfd,Praveenq,25.0,926-46-8089,Engineer,2024-10-01
CUS_0x1e06,Deepaa,50.0,318-14-7292,Mechanic,2023-10-01
CUS_0x1e0f,Kylie MacLelland,55.0,198-49-3462,Lawyer,2023-10-01
CUS_0x1e16,Katharina Bartt,53.0,443-08-6028,Journalist,2024-08-01
CUS_0x1e17,Stecklowz,21.0,912-22-4304,Media_Manager,2024-12-01
CUS_0x1e18,Ernestr,50.0,692-56-4864,Doctor,2024-12-01
CUS_0x1e2d,Hepherd,55.0,028-71-5831,Media_Manager,2024-01-01
CUS_0x1e3e,Chuckk,33.0,474-45-9244,Musician,2023-12-01
CUS_0x1e3f,Alisons,22.0,683-10-1309,Architect,2024-08-01
CUS_0x1e41,Callusw,34.0,084-34-7268,Lawyer,2023-05-01
CUS_0x1e45,Katyal,41.0,,Manager,2024-11-01
CUS_0x1e46,Rachelle Younglaio,49.0,316-05-0824,Writer,2023-09-01
CUS_0x1e48,Noah Barkinh,48.0,962-07-8770,Architect,2023-04-01
CUS_0x1e4d,Nicola Leskez,19.0,669-94-5422,Entrepreneur,2023-04-01
CUS_0x1e50,Stephenw,29.0,812-89-6100,Lawyer,2024-02-01
CUS_0x1e51,Raymondl,32.0,887-23-0031,Entrepreneur,2023-07-01
CUS_0x1e52,Scuffhamt,24.0,767-28-6057,Media_Manager,2023-06-01
CUS_0x1e5e,Sophie Sassardi,34.0,464-14-7094,Engineer,2023-02-01
CUS_0x1e62,Raghavanc,33.0,495-51-7258,Journalist,2024-08-01
CUS_0x1e63,Aileen Wangy,37.0,341-75-1132,,2024-03-01
CUS_0x1e6b,Michaelc,26.0,299-96-0609,Manager,2023-04-01
CUS_0x1e70,Alexh,17.0,772-58-9547,Manager,2023-06-01
CUS_0x1e72,Jonathan Stempelb,36.0,895-93-2668,Architect,2024-01-01
CUS_0x1e76,Ransdello,20.0,600-30-3371,Musician,2024-05-01
CUS_0x1e84,Suev,49.0,000-08-1349,Media_Manager,2024-05-01
CUS_0x1e87,Shirbonu,25.0,988-83-0517,Lawyer,2023-12-01
CUS_0x1e8c,Olivia Orana,18.0,571-81-7251,Engineer,2023-12-01
CUS_0x1e8d,Katyaw,23.0,545-44-8112,Doctor,2024-07-01
CUS_0x1e8e,Kellyj,16.0,584-46-9934,Entrepreneur,2023-03-01
CUS_0x1e91,Karen Freifeldn,49.0,360-54-9119,Media_Manager,2023-06-01
CUS_0x1e95,Yuns,19.0,540-71-5162,Developer,2023-06-01
CUS_0x1e96,Henryt,29.0,782-91-2016,,2023-05-01
CUS_0x1e98,Rodrigop,49.0,933-85-2688,Accountant,2024-09-01
CUS_0x1e9b,Taylorb,19.0,866-51-6415,Writer,2023-04-01
CUS_0x1e9c,Berkowitzo,17.0,810-61-0368,Engineer,2023-12-01
CUS_0x1e9e,Jonathan Stp,16.0,257-02-5840,Doctor,2023-04-01
CUS_0x1ea5,Abhijit Neogye,31.0,799-33-1118,Lawyer,2024-10-01
CUS_0x1ea8,Deepaz,30.0,686-34-7861,Teacher,2024-05-01
CUS_0x1eae,Golubkoval,47.0,403-63-5439,Mechanic,2024-07-01
CUS_0x1eb6,Jonathan Stempelt,35.0,459-21-0411,Mechanic,2024-12-01
CUS_0x1ebb,Georges,28.0,092-56-0694,Writer,2024-03-01
CUS_0x1ebc,Katharinap,43.0,657-98-2592,Manager,2024-07-01
CUS_0x1ebe,Ernestl,52.0,721-47-3071,Media_Manager,2024-10-01
CUS_0x1ebf,Sarah McBridep,50.0,803-57-9764,,2024-09-01
CUS_0x1ec2,Rossr,21.0,258-93-2064,Scientist,2023-08-01
CUS_0x1ec4,Alister Bullb,32.0,715-13-3421,Lawyer,2023-06-01
CUS_0x1ec5,Jonathan Leffd,34.0,042-68-5885,Accountant,2023-07-01
CUS_0x1ec9,Yoko Kubotai,46.0,503-13-4318,Entrepreneur,2024-04-01
CUS_0x1ecf,Strobeld,,512-45-2310,Doctor,2023-05-01
CUS_0x1ed2,Karen Jacobsk,25.0,443-20-1399,Journalist,2024-04-01
CUS_0x1ed3,Sinead Carewp,23.0,988-10-7390,Engineer,2023-12-01
CUS_0x1ed5,Parra-Bernalo,31.0,025-32-3903,Teacher,2024-04-01
CUS_0x1ed6,Axel Threlfalls,25.0,073-04-2832,Musician,2024-08-01
CUS_0x1ed8,McCoolf,20.0,819-43-0968,Media_Manager,2023-11-01
CUS_0x1edc,Leika Kiharaw,20.0,468-63-2688,,2024-04-01
CUS_0x1edd,Maloneu,18.0,784-29-8491,Manager,2024-10-01
CUS_0x1ee3,Barrl,35.0,772-48-5860,Doctor,2023-05-01
CUS_0x1eea,Madelinew,29.0,957-07-5513,,2024-09-01
CUS_0x1eee,Gardnerp,34.0,513-08-1791,Teacher,2024-01-01
CUS_0x1ef1,Steven C.s,30.0,619-16-9988,Lawyer,2023-05-01
CUS_0x1ef5,Lidia Kellyg,,663-41-3108,Media_Manager,2023-01-01
CUS_0x1ef7,Paritoshm,32.0,,Engineer,2023-02-01
CUS_0x1ef9,illu,45.0,008-77-4539,Musician,2024-02-01
CUS_0x1efa,Dagenborgq,44.0,644-35-1776,Accountant,2024-10-01
CUS_0x1efc,Tomx,35.0,254-10-3672,Accountant,2023-04-01
CUS_0x1efd,Oreskovicq,16.0,966-55-9007,Teacher,2024-01-01
CUS_0x1eff,Anjuli Daviesq,29.0,788-07-1050,Developer,2023-02-01
CUS_0x1f00,Burtond,22.0,192-14-0956,Developer,2024-06-01
CUS_0x1f04,rob,38.0,387-02-5364,Manager,2023-07-01
CUS_0x1f15,Deepa Seetharamanh,19.0,296-58-9430,Engineer,2025-01-01
CUS_0x1f19,Alastair Sharpn,21.0,734-45-8783,,2024-10-01
CUS_0x1f1a,Marcin Goettigj,39.0,189-83-4148,Media_Manager,2023-11-01
CUS_0x1f24,Mikolajczakq,42.0,796-58-2729,Musician,2023-10-01
CUS_0x1f2c,Ryan Vlastelicah,27.0,846-10-4542,Media_Manager,2023-09-01
CUS_0x1f2e,Stefano Bernabeiq,26.0,049-84-5378,Entrepreneur,2024-11-01
CUS_0x1f2f,Wheatleyv,30.0,926-54-3940,Teacher,2025-01-01
CUS_0x1f33,Lesley Wroughtonp,15.0,183-30-3638,Architect,2024-06-01
CUS_0x1f34,Nickq,55.0,554-15-1394,,2024-10-01
CUS_0x1f36,Ingramj,26.0,263-16-8350,Scientist,2023-11-01
CUS_0x1f39,Alwyn Scottf,18.0,668-38-2560,Teacher,2023-03-01
CUS_0x1f3d,Sonya Dowsettv,23.0,744-22-1964,Teacher,2023-02-01
CUS_0x1f42,Simon Meadsn,31.0,773-22-5016,Lawyer,2024-10-01
CUS_0x1f43,Anna Driveri,45.0,428-62-5470,Lawyer,2024-01-01
CUS_0x1f46,Emily Kaiserq,49.0,361-05-2128,Lawyer,2024-05-01
CUS_0x1f49,Leika Kiharad,32.0,625-16-2020,Doctor,2023-08-01
CUS_0x1f4a,Langi Chiangy,25.0,741-62-1913,Mechanic,2024-09-01
CUS_0x1f4b,Dasha Afanasievaw,15.0,399-63-5016,Doctor,2023-03-01
CUS_0x1f4f,Rr,20.0,343-35-6258,Lawyer,2024-02-01
CUS_0x1f57,Alister Bulld,45.0,679-39-8293,Lawyer,2024-12-01
CUS_0x1f60,Stephen Aldredi,34.0,526-97-2287,Engineer,2023-09-01
CUS_0x1f61,Zinetsn,23.0,183-78-9102,Lawyer,2024-08-01
CUS_0x1f64,Piersonq,41.0,477-78-7314,Accountant,2024-05-01
CUS_0x1f66,Kentaroj,19.0,042-09-5105,Musician,2023-10-01
CUS_0x1f70,ewich Noelf,55.0,976-79-4462,Scientist,2024-05-01
CUS_0x1f74,Khettiya Jittapongc,19.0,588-75-5901,Architect,2024-01-01
CUS_0x1f7d,Jonathano,17.0,697-78-8723,Architect,2024-10-01
CUS_0x1f87,Turnerk,30.0,835-81-4593,Journalist,2023-05-01
CUS_0x1f88,Lewis Krauskopfo,43.0,,Manager,2023-12-01
CUS_0x1f8c,Dolanl,37.0,745-18-8559,Musician,2023-03-01
CUS_0x1f8d,Matthewt,51.0,486-78-3816,Entrepreneur,2023-03-01
CUS_0x1f91,Lefterisa,45.0,376-15-3251,Entrepreneur,2024-02-01
CUS_0x1f96,Johno,25.0,613-68-3100,Architect,2023-06-01
CUS_0x1f97,Hitoshio,50.0,346-14-6418,Journalist,2024-10-01
CUS_0x1f9b,Tommy Wilkesb,23.0,,Entrepreneur,2023-11-01
CUS_0x1f9c,Lomi Kriely,41.0,498-47-1128,Entrepreneur,2024-04-01
CUS_0x1f9e,Joyce Leeo,49.0,192-60-6723,Manager,2023-04-01
CUS_0x1fa0,Jim Christieg,28.0,765-58-3710,Lawyer,2023-09-01
CUS_0x1fa5,Hornbyd,15.0,826-82-7232,,2024-02-01
CUS_0x1fae,Tomy,40.0,747-51-4832,Developer,2023-12-01
CUS_0x1fb0,Ingridt,46.0,746-29-2596,Engineer,2023-11-01
CUS_0x1fb5,Cruiseu,39.0,474-15-7091,Scientist,2023-11-01
CUS_0x1fbb,Ruckerh,45.0,891-52-4114,Engineer,2023-08-01
CUS_0x1fbd,Jane Chungn,41.0,905-87-8021,Writer,2024-04-01
CUS_0x1fbe,Barrg,29.0,325-49-4807,Writer,2024-05-01
CUS_0x1fc1,Deightonp,46.0,517-59-6831,,2024-07-01
CUS_0x1fcb,Herbst-Baylissn,44.0,448-72-4083,Developer,2024-10-01
CUS_0x1fcc,Noah Barkinb,27.0,515-77-3276,Media_Manager,2024-02-01
CUS_0x1fcd,Denny Thomasr,23.0,372-32-6203,Architect,2024-11-01
CUS_0x1fd1,Marcin Goettigd,32.0,005-25-5327,Writer,2024-05-01
CUS_0x1fdc,Angela Moona,29.0,896-78-0268,Accountant,2024-10-01
CUS_0x1fe3,Baker Alinau,28.0,458-63-0201,Manager,2023-05-01
CUS_0x1feb,Gregu,47.0,098-21-5869,Engineer,2024-01-01
CUS_0x1fec,Michael Ermanp,49.0,,Media_Manager,2024-10-01
CUS_0x1fef,Cruiseb,21.0,,Journalist,2023-11-01
CUS_0x1ff5,Paul Taylorw,43.0,313-93-6872,Accountant,2023-01-01
CUS_0x1ff7,Benf,48.0,324-29-5086,Developer,2023-01-01
CUS_0x1ffb,Tony Munroey,33.0,354-51-3405,Mechanic,2023-12-01
CUS_0x1ffc,Alexeit,35.0,808-28-9660,Teacher,2023-10-01
CUS_0x1ffd,Carey Gillamg,43.0,806-33-9100,Architect,2024-12-01
CUS_0x2000,Kwokw,25.0,159-91-7430,,2023-12-01
CUS_0x2002,Marial,39.0,823-93-4115,Entrepreneur,2023-09-01
CUS_0x2004,Henning Gloysteinb,27.0,925-81-5909,Entrepreneur,2024-05-01
CUS_0x2005,Muriel Bosellit,43.0,671-03-2737,Doctor,2024-01-01
CUS_0x2009,er Huebnerp,41.0,572-47-1898,Doctor,2024-05-01
CUS_0x200a,Danielv,24.0,965-49-0710,Manager,2024-12-01
CUS_0x2010,Bosei,37.0,357-13-2811,Writer,2024-06-01
CUS_0x202e,Nanette Byrnesg,25.0,718-69-3114,Teacher,2023-11-01
CUS_0x2031,Scheydere,49.0,999-28-9483,Musician,2024-07-01
CUS_0x2032,Andrea Shalal-Esav,33.0,543-06-7157,,2024-02-01
CUS_0x2037,Luciaw,28.0,346-73-6994,Mechanic,2023-08-01
CUS_0x2038,Daria Sito-Sucicd,33.0,563-29-1145,,2023-07-01
CUS_0x203c,Estelle Shirbonu,26.0,631-48-5152,Accountant,2023-05-01
CUS_0x2040,David Jonesv,24.0,420-67-6873,Entrepreneur,2024-05-01
CUS_0x2041,Gohm,31.0,348-82-9441,Media_Manager,2023-03-01
CUS_0x2043,James Pomfretz,29.0,013-68-1261,Entrepreneur,2023-05-01
CUS_0x2048,Dmitryo,40.0,212-55-0432,Developer,2023-04-01
CUS_0x204a,Katyak,14.0,206-58-3439,Writer,2023-02-01
CUS_0x204b,Nius,31.0,893-44-1748,Mechanic,2024-12-01
CUS_0x2058,Alexeif,,964-56-1036,Journalist,2024-11-01
CUS_0x2059,Am ay,48.0,,Journalist,2024-01-01
CUS_0x205a,Lawrencej,20.0,344-24-4622,Lawyer,2024-11-01
CUS_0x205c,Sveaf,33.0,658-64-9433,Lawyer,2023-01-01
CUS_0x205f,er Davids,19.0,914-68-1323,Architect,2023-11-01
CUS_0x2064,Terry Baynesh,20.0,431-84-9907,Scientist,2023-07-01
CUS_0x206b,Claras,20.0,600-69-4533,Entrepreneur,2023-09-01
CUS_0x206c,Wroughtonu,36.0,983-60-4571,Engineer,2025-01-01
CUS_0x2076,Ernesta,26.0,486-13-8771,Manager,2024-12-01
CUS_0x207a,Foo Yunk,25.0,510-06-5848,Media_Manager,2023-04-01
CUS_0x2080,Daviesj,21.0,792-37-9189,Entrepreneur,2024-06-01
CUS_0x2083,Maloneb,31.0,495-33-9893,Lawyer,2023-08-01
